userId,amount
user_38,438.66
user_12,125.07
user_9,34.51
user_12,232.54
user_14,126.97
user_28,184.4
user_32,329.64
user_49,296.57
user_48,79.73
user_38,103.56
user_18,422.4
user_1,58.74
user_41,85.37
user_25,349.85
user_3,421.01
user_12,140.3
user_27,89.69
user_48,398.35
user_26,143.58
user_28,212.0
user_48,467.37
user_30,313.47
user_16,187.8
user_20,165.55
user_15,345.55
user_39,266.05
user_46,222.33
user_23,415.48
user_39,382.66
user_23,340.49
user_48,249.02
user_10,149.62
user_7,132.33
user_37,301.02
user_17,102.19
user_30,190.64
user_23,288.5
user_40,287.98
user_38,165.54
user_45,476.53
user_31,404.04
user_21,37.34
user_11,312.1
user_46,101.8
user_33,89.78
user_20,434.48
user_37,362.95
user_41,231.58
user_8,352.37
user_40,243.89
user_44,43.64
user_37,55.48
user_18,383.97
user_45,430.91
user_15,170.83
user_31,257.65
user_47,40.82
user_25,425.98
user_20,310.03
user_47,426.82
user_36,88.32
user_10,261.26
user_17,55.27
user_18,345.4
user_31,126.5
user_27,111.22
user_30,98.08
user_15,436.32
user_20,402.18
user_38,315.79
user_21,244.29
user_45,227.13
user_37,35.73
user_45,74.96
user_29,436.99
user_40,98.37
user_30,93.42
user_33,215.77
user_40,375.1
user_31,427.48
user_9,343.1
user_1,241.3
user_16,255.77
user_25,147.9
user_9,44.0
user_32,217.15
user_41,346.97
user_14,410.51
user_20,361.33
user_39,284.84
user_39,90.29
user_41,164.63
user_23,93.62
user_42,21.75
user_7,85.13
user_11,104.12
user_40,11.58
user_35,232.87
user_8,493.19
user_41,223.6
user_26,455.3
user_48,317.36
user_36,23.13
user_15,227.75
user_41,80.44
user_48,83.64
user_14,402.65
user_13,466.39
user_44,175.95
user_1,154.63
user_49,471.23
user_16,36.65
user_3,120.45
user_29,495.19
user_2,209.63
user_28,257.22
user_10,180.73
user_28,219.22
user_33,260.05
user_42,91.59
user_11,401.91
user_13,25.31
user_8,433.7
user_19,141.66
user_28,191.16
user_6,211.56
user_31,485.98
user_29,321.41
user_28,114.03
user_49,145.11
user_19,27.6
user_11,39.75
user_4,91.83
user_13,482.14
user_29,184.23
user_1,128.49
user_26,61.71
user_22,40.14
user_14,343.57
user_2,176.48
user_46,364.15
user_28,90.5
user_16,271.84
user_39,134.23
user_16,151.82
user_21,89.63
user_32,113.35
user_20,269.02
user_43,405.56
user_35,185.72
user_3,366.01
user_40,132.46
user_1,218.65
user_21,441.82
user_23,123.76
user_47,322.18
user_38,302.57
user_28,270.51
user_7,168.49
user_21,292.11
user_8,392.08
user_9,356.02
user_23,96.98
user_33,220.21
user_9,24.23
user_16,99.75
user_38,247.4
user_41,368.37
user_46,353.78
user_42,285.83
user_49,286.64
user_22,189.25
user_11,278.34
user_20,300.33
user_19,493.65
user_21,198.15
user_23,79.59
user_26,41.94
user_18,452.41
user_47,119.73
user_7,371.69
user_27,496.73
user_45,55.64
user_28,114.15
user_21,466.48
user_29,353.03
user_50,329.79
user_16,450.26
user_44,63.66
user_30,491.51
user_42,130.54
user_50,491.74
user_2,487.1
user_17,96.54
user_9,254.13
user_42,28.8
user_47,135.31
user_28,263.5
user_15,246.38
user_44,69.94
user_16,480.48
user_24,32.48
user_36,25.61
user_9,246.87
user_18,210.56
user_31,335.35
user_29,343.3
user_6,132.23
user_21,51.46
user_29,493.75
user_13,62.19
user_11,348.67
user_40,348.15
user_19,134.36
user_2,92.26
user_34,53.96
user_36,115.35
user_8,280.93
user_43,170.45
user_32,154.41
user_46,336.72
user_18,232.63
user_17,263.69
user_40,299.71
user_44,74.6
user_8,437.6
user_30,388.18
user_44,168.56
user_23,17.74
user_20,251.56
user_26,99.97
user_22,349.85
user_4,155.88
user_39,308.13
user_48,385.13
user_30,224.06
user_3,463.9
user_1,339.42
user_15,112.32
user_32,244.17
user_17,440.14
user_17,21.78
user_27,21.61
user_42,408.42
user_19,210.66
user_27,454.76
user_29,90.66
user_22,63.55
user_37,217.74
user_40,238.95
user_47,406.03
user_16,260.48
user_9,356.9
user_31,163.46
user_9,464.91
user_50,194.92
user_37,143.58
user_35,332.02
user_7,242.1
user_37,210.18
user_1,278.09
user_48,310.12
user_32,480.93
user_23,417.22
user_7,226.08
user_48,148.32
user_30,386.51
user_42,399.34
user_6,311.89
user_45,397.51
user_29,428.26
user_29,15.31
user_45,452.37
user_2,91.65
user_37,302.35
user_5,285.16
user_44,11.69
user_45,414.91
user_48,349.09
user_17,473.61
user_41,372.21
user_44,384.63
user_17,262.89
user_40,436.12
user_31,41.61
user_43,63.17
user_11,342.41
user_26,380.46
user_20,245.34
user_39,100.43
user_45,416.56
user_48,61.85
user_1,306.1
user_36,278.03
user_37,47.34
user_50,248.55
user_37,485.53
user_16,319.5
user_39,116.1
user_10,178.11
user_2,145.31
user_10,279.57
user_36,320.66
user_1,227.02
user_7,26.2
user_28,105.83
user_5,187.34
user_24,123.41
user_19,95.73
user_21,113.27
user_49,445.85
user_17,382.37
user_28,337.19
user_28,329.2
user_35,407.58
user_30,197.25
user_11,435.84
user_39,136.57
user_3,128.7
user_25,213.54
user_46,45.24
user_15,493.0
user_42,344.36
user_43,176.34
user_45,489.77
user_20,86.88
user_43,397.02
user_36,16.39
user_40,27.73
user_2,196.96
user_30,486.12
user_22,392.79
user_49,429.02
user_17,322.16
user_16,86.17
user_5,142.65
user_10,424.49
user_29,231.66
user_1,44.3
user_32,31.11
user_4,82.32
user_32,356.58
user_19,78.21
user_20,137.4
user_6,471.13
user_48,167.88
user_47,302.8
user_44,342.78
user_22,140.72
user_5,434.79
user_39,87.41
user_49,71.98
user_27,286.58
user_26,160.06
user_16,417.34
user_23,482.2
user_3,272.46
user_19,137.1
user_25,64.0
user_23,275.38
user_19,211.33
user_48,94.78
user_13,183.75
user_37,412.39
user_3,421.69
user_13,329.39
user_40,244.48
user_14,142.69
user_6,164.11
user_25,497.0
user_43,34.76
user_38,270.76
user_20,441.69
user_20,402.61
user_21,278.57
user_42,198.74
user_29,284.24
user_49,376.41
user_45,13.87
user_20,355.28
user_29,494.72
user_6,355.67
user_7,229.87
user_17,65.48
user_36,350.42
user_5,167.65
user_18,436.13
user_18,161.41
user_49,187.48
user_33,165.92
user_18,464.25
user_3,273.13
user_45,259.85
user_46,258.61
user_2,200.74
user_46,64.73
user_2,379.6
user_2,217.84
user_42,349.31
user_5,288.24
user_8,392.76
user_31,406.42
user_15,122.91
user_29,188.51
user_26,64.23
user_11,335.9
user_49,283.73
user_15,13.52
user_9,169.4
user_10,51.89
user_4,159.55
user_37,44.62
user_36,101.66
user_5,264.02
user_24,73.62
user_34,142.92
user_21,393.53
user_3,265.06
user_50,341.38
user_4,115.38
user_47,196.14
user_17,411.07
user_49,194.9
user_45,493.58
user_42,445.8
user_11,387.96
user_33,419.91
user_8,192.02
user_13,428.43
user_3,239.7
user_39,61.6
user_9,18.38
user_36,356.89
user_38,147.78
user_35,465.88
user_19,227.88
user_17,386.07
user_23,393.22
user_27,437.06
user_40,258.19
user_41,39.54
user_28,258.3
user_48,399.92
user_50,16.82
user_12,400.74
user_50,134.58
user_13,109.37
user_45,201.73
user_48,301.13
user_19,110.88
user_33,335.81
user_12,62.83
user_2,187.34
user_42,83.6
user_30,27.34
user_33,338.27
user_36,398.04
user_36,89.0
user_9,91.91
user_49,121.7
user_46,187.78
user_18,240.18
user_50,425.72
user_5,160.03
user_49,188.77
user_7,210.81
user_15,160.71
user_10,254.8
user_10,422.17
user_8,339.37
user_20,390.02
user_46,97.66
user_32,420.66
user_45,410.58
user_7,94.21
user_48,450.99
user_30,447.55
user_3,276.35
user_3,260.21
user_45,66.29
user_20,363.02
user_47,37.73
user_31,279.4
user_19,430.39
user_28,266.18
user_39,441.38
user_48,190.87
user_34,468.53
user_40,253.85
user_50,107.86
user_40,61.24
user_4,438.06
user_47,50.57
user_3,442.06
user_13,34.51
user_33,168.65
user_39,373.76
user_28,65.15
user_10,183.0
user_21,381.33
user_22,308.15
user_29,298.96
user_3,427.17
user_29,36.65
user_33,17.34
user_23,428.62
user_39,103.27
user_2,39.41
user_19,178.05
user_39,119.01
user_4,171.53
user_41,87.62
user_15,76.01
user_49,39.05
user_11,400.39
user_50,293.88
user_28,432.03
user_44,220.72
user_46,321.84
user_41,341.62
user_40,75.7
user_16,224.96
user_46,471.86
user_39,222.2
user_20,228.65
user_13,441.43
user_50,114.45
user_38,18.63
user_24,220.25
user_44,334.02
user_7,27.07
user_17,448.67
user_49,17.91
user_26,30.36
user_50,338.65
user_36,295.77
user_24,273.49
user_8,343.67
user_10,213.84
user_15,112.42
user_50,298.77
user_34,447.91
user_47,29.27
user_32,400.05
user_16,202.11
user_10,210.19
user_3,441.41
user_1,269.62
user_24,173.6
user_30,246.31
user_49,72.84
user_38,244.83
user_2,303.71
user_40,188.35
user_3,116.73
user_19,188.62
user_25,233.23
user_18,55.46
user_42,395.98
user_36,293.78
user_18,169.63
user_14,147.05
user_11,175.84
user_32,137.55
user_2,346.11
user_25,19.07
user_22,222.24
user_42,377.34
user_18,114.9
user_28,199.62
user_34,285.11
user_45,242.51
user_20,238.22
user_46,231.56
user_50,430.59
user_20,95.7
user_43,196.24
user_24,464.33
user_19,336.51
user_22,307.42
user_3,196.42
user_17,247.75
user_30,472.28
user_5,464.24
user_24,374.5
user_2,413.16
user_45,255.99
user_32,82.59
user_28,307.22
user_13,379.54
user_3,217.82
user_46,95.55
user_38,403.64
user_49,241.76
user_44,93.89
user_15,368.5
user_33,172.45
user_8,351.18
user_10,292.05
user_34,263.79
user_49,285.88
user_39,489.43
user_50,23.86
user_34,493.6
user_27,284.21
user_36,477.64
user_23,479.53
user_33,251.99
user_8,95.17
user_34,75.35
user_12,279.57
user_2,294.76
user_15,170.28
user_31,311.07
user_23,421.11
user_17,491.38
user_3,223.91
user_9,453.92
user_50,410.85
user_32,308.72
user_18,65.26
user_17,294.03
user_33,474.33
user_13,66.87
user_5,301.98
user_12,240.19
user_2,379.3
user_11,164.72
user_8,373.02
user_12,345.44
user_33,267.06
user_33,87.89
user_17,120.96
user_15,236.49
user_47,146.31
user_7,221.51
user_30,113.77
user_26,324.53
user_32,404.65
user_4,109.83
user_17,22.41
user_12,346.85
user_37,90.94
user_20,149.72
user_10,436.2
user_35,291.99
user_7,228.88
user_11,257.45
user_46,194.9
user_36,460.58
user_32,273.61
user_2,428.86
user_28,196.94
user_22,462.18
user_23,377.54
user_7,387.95
user_37,456.28
user_21,195.69
user_50,340.46
user_31,190.98
user_35,421.27
user_13,205.49
user_48,72.61
user_19,391.1
user_4,162.8
user_15,209.24
user_30,147.93
user_30,116.48
user_26,417.66
user_31,345.03
user_47,176.43
user_33,227.49
user_41,216.83
user_49,459.01
user_3,91.64
user_26,56.93
user_43,295.84
user_15,25.69
user_9,400.3
user_36,213.24
user_23,89.32
user_9,375.97
user_46,298.7
user_49,245.87
user_49,491.45
user_19,330.8
user_34,308.81
user_13,122.47
user_16,48.52
user_31,169.88
user_38,44.83
user_14,121.14
user_21,496.0
user_18,301.61
user_3,214.26
user_4,199.08
user_1,260.01
user_17,186.38
user_46,275.44
user_6,254.26
user_23,99.04
user_14,238.39
user_30,266.27
user_27,92.96
user_36,329.64
user_29,379.23
user_36,33.07
user_27,375.83
user_44,288.95
user_37,81.27
user_49,265.74
user_1,34.27
user_37,338.19
user_6,138.28
user_43,52.16
user_14,14.96
user_15,90.37
user_45,131.58
user_28,93.95
user_10,41.49
user_48,38.59
user_2,116.03
user_44,187.46
user_5,166.45
user_38,179.18
user_45,33.03
user_3,190.7
user_13,62.19
user_36,493.0
user_1,150.24
user_44,354.54
user_29,466.56
user_20,461.68
user_28,177.83
user_34,178.43
user_26,285.47
user_16,169.51
user_39,413.84
user_27,400.64
user_28,407.56
user_21,493.9
user_40,279.09
user_7,172.2
user_20,107.74
user_2,64.54
user_35,29.4
user_10,253.86
user_6,42.71
user_23,325.65
user_19,456.25
user_10,434.59
user_29,54.46
user_25,89.87
user_15,57.87
user_9,241.9
user_42,84.41
user_43,406.06
user_48,172.79
user_18,369.48
user_39,28.93
user_38,275.69
user_31,256.24
user_27,421.5
user_34,23.68
user_12,143.3
user_46,331.72
user_14,478.4
user_26,406.28
user_32,173.48
user_9,446.07
user_38,301.94
user_28,270.27
user_31,470.66
user_42,19.5
user_9,126.32
user_11,255.49
user_7,253.12
user_6,218.99
user_39,497.96
user_7,389.19
user_27,449.08
user_37,410.42
user_44,"236.65"
user_13,38.44
user_16,95.69
user_27,371.75
user_17,"19.93"
user_29,102.72
user_8,239.89
user_10,288.91
user_17,360.49
user_5,88.8
user_42,400.4
user_7,478.76
user_9,98.61
user_47,120.11
user_35,122.72
user_20,28.91
user_47,461.56
user_40,244.51
user_3,324.35
user_9,33.34
user_41,156.69
user_24,22.74
user_49,50.1
user_18,204.83
user_19,322.69
user_33,20.4
user_22,417.17
user_1,414.65
user_5,252.94
user_6,497.1
user_35,59.34
user_17,240.92
user_21,22.55
user_28,406.47
user_45,307.64
user_30,289.79
user_20,444.43
user_22,281.7
user_28,146.28
user_2,236.26
user_20,379.23
user_31,164.52
user_23,355.77
user_43,303.85
user_38,375.93
user_47,56.33
user_2,135.14
user_26,253.19
user_36,219.56
user_31,42.89
user_1,159.17
user_49,338.06
user_11,112.11
user_30,420.85
user_10,139.32
user_44,80.24
user_6,250.98
user_38,431.72
user_11,195.37
user_7,94.64
user_43,71.59
user_17,100.46
user_50,376.04
user_34,370.8
user_24,420.77
user_47,487.73
user_38,308.25
user_47,44.76
user_41,271.22
user_42,278.76
user_17,434.88
user_25,19.9
user_24,301.63
user_37,475.31
user_6,49.01
user_13,320.21
user_44,90.89
user_39,447.73
user_18,31.5
user_13,124.1
user_36,60.85
user_2,403.65
user_8,479.63
user_24,428.4
user_14,252.86
user_4,433.84
user_39,324.73
user_18,17.3
user_50,172.96
user_28,317.76
user_23,425.54
user_18,423.93
user_11,121.72
user_45,309.65
user_26,109.61
user_10,61.68
user_26,18.02
user_42,167.07
user_31,68.17
user_8,318.86
user_6,328.85
user_13,103.42
user_12,63.39
user_26,486.06
user_12,309.82
user_17,203.1
user_22,418.42
user_36,253.6
user_25,59.03
user_29,83.35
user_37,417.94
user_17,380.98
user_16,110.82
user_37,137.06
user_29,434.31
user_10,200.21
user_3,82.6
user_42,280.04
user_10,333.33
user_11,23.11
user_48,191.61
user_35,181.03
user_15,333.26
user_30,44.92
user_9,411.11
user_6,135.92
user_45,204.76
user_16,96.85
user_38,294.01
user_7,473.36
user_48,267.72
user_30,295.86
user_9,275.73
user_42,71.47
user_17,133.11
user_22,420.33
user_26,451.52
user_47,453.81
user_39,363.86
user_17,495.21
user_4,62.06
user_10,397.16
user_17,498.81
user_7,191.19
user_23,204.46
user_27,208.71
user_17,191.29
user_45,403.38
user_21,338.62
user_46,137.58
user_30,483.23
user_7,320.97
user_33,346.3
user_11,485.66
user_19,127.57
user_6,339.22
user_45,221.31
user_11,18.95
user_20,101.57
user_38,384.05
user_12,33.74
user_4,335.17
user_16,49.55
user_6,438.4
user_5,168.03
user_5,484.04
user_37,459.41
user_35,371.49
user_49,143.64
user_22,56.84
user_49,435.23
user_13,383.35
user_4,83.93
user_7,68.59
user_40,362.07
user_49,128.8
user_46,200.05
user_48,110.73
user_36,92.76
user_2,303.61
user_13,352.47
user_16,171.31
user_30,424.32
user_10,174.27
user_28,351.11
user_28,488.8
user_45,312.88
user_47,136.3
user_31,70.24
user_2,267.67
user_41,372.84
user_44,482.53
user_26,96.05
user_3,205.28
user_42,145.35
user_29,343.27
user_38,260.22
user_9,458.06
user_50,228.35
user_23,359.63
user_21,363.02
user_21,256.86
user_33,81.95
user_40,141.44
user_7,273.81
user_43,112.04
user_41,209.24
user_6,379.68
user_7,405.48
user_21,380.12
user_33,144.81
user_30,454.83
user_12,427.23
user_19,271.62
user_38,444.25
user_30,63.8
user_28,138.88
user_22,480.4
user_43,308.18
user_34,431.2
user_31,89.43
user_21,367.89
user_10,100.79
user_32,367.52
user_35,49.49
user_37,479.72
user_36,145.13
user_5,11.24
user_4,250.43
user_28,154.16
user_47,87.68
user_36,98.4
user_38,204.87
user_23,474.03
user_39,28.02
user_22,385.55
user_22,325.31
user_31,484.33
user_37,55.91
user_44,363.14
user_12,296.35
user_17,303.9
user_13,234.72
user_1,58.59
user_22,403.86
user_37,185.52
user_3,151.47
user_50,268.73
user_31,389.01
user_9,176.72
user_8,293.72
user_11,337.61
user_15,31.12
user_44,429.69
user_12,203.37
user_3,222.65
user_26,287.23
user_27,170.84
user_35,471.46
user_41,70.75
user_38,220.61
user_9,297.92
user_20,303.66
user_12,61.94
user_48,282.01
user_16,92.69
user_6,362.49
user_18,179.28
user_22,212.54
user_34,299.03
user_21,405.94
user_40,124.87
user_3,30.41
user_36,246.93
user_37,44.88
user_27,282.21
user_35,148.29
user_7,450.36
user_9,280.19
user_26,204.19
user_31,149.82
user_27,291.88
user_3,48.93
user_24,112.8
user_44,490.34
user_39,274.89
user_43,22.9
user_50,112.15
user_7,159.07
user_23,316.48
user_41,64.43
user_43,168.92
user_50,310.58
user_34,48.22
user_12,288.85
user_9,261.11
user_10,496.62
user_37,92.48
user_48,225.08
user_45,473.07
user_20,384.34
user_41,225.17
user_40,150.85
user_40,85.95
user_42,187.93
user_42,129.08
user_5,374.33
user_39,146.58
user_8,81.33
user_38,34.16
user_48,357.85
user_17,144.03
user_2,344.96
user_35,247.02
user_1,357.96
user_25,49.32
user_40,153.94
user_9,271.66
user_37,306.53
user_23,381.32
user_33,73.5
user_37,50.38
user_3,244.6
user_43,275.51
user_33,460.6
user_23,326.22
user_49,56.32
user_4,419.17
user_24,307.01
user_22,271.68
user_27,425.09
user_50,326.37
user_37,479.26
user_7,440.35
user_17,94.04
user_45,97.83
user_29,361.28
user_43,412.23
user_45,198.64
user_27,270.79
user_42,334.56
user_18,88.06
user_49,350.35
user_1,423.77
user_48,292.8
user_9,315.49
user_11,28.18
user_8,282.83
user_33,113.82
user_31,148.76
user_16,27.03
user_42,461.29
user_37,"376.2"
user_19,136.07
user_16,115.24
user_36,329.43
user_20,463.06
user_22,306.46
user_29,194.52
user_29,194.86
user_39,16.95
user_18,331.6
user_47,181.5
user_38,390.63
user_14,183.59
user_49,15.69
user_27,95.78
user_6,333.02
user_25,417.19
user_5,269.42
user_3,491.12
user_39,398.14
user_39,419.8
user_11,410.54
user_39,413.75
user_47,27.32
user_47,294.64
user_34,300.32
user_3,453.63
user_1,435.21
user_16,87.82
user_35,246.05
user_24,382.97
user_42,404.37
user_29,316.51
user_31,235.8
user_41,109.42
user_33,45.81
user_50,335.87
user_4,230.07
user_10,224.37
user_22,342.41
user_46,473.16
user_28,279.85
user_40,428.49
user_50,211.99
user_5,70.23
user_40,199.05
user_17,473.11
user_37,337.68
user_3,28.68
user_15,276.28
user_30,333.31
user_27,264.15
user_36,457.48
user_19,40.44
user_18,52.39
user_24,408.22
user_39,472.83
user_22,450.6
user_45,409.61
user_5,136.59
user_48,136.22
user_21,444.08
user_1,241.99
user_43,153.5
user_50,494.07
user_4,99.9
user_3,362.69
user_8,218.33
user_2,65.38
user_11,281.22
user_50,378.62
user_6,334.64
user_28,147.01
user_46,74.33
user_44,151.49
user_11,295.72
user_39,311.28
user_18,93.66
user_20,138.19
user_29,272.3
user_45,58.38
user_27,85.88
user_29,108.81
user_5,160.01
user_4,127.64
user_40,298.17
user_7,344.6
user_44,30.97
user_5,142.47
user_21,207.06
user_14,107.79
user_41,113.86
user_15,143.92
user_47,472.32
user_6,491.43
user_20,249.84
user_24,353.43
user_5,350.85
user_12,404.08
user_30,144.74
user_39,375.99
user_23,282.26
user_1,95.85
user_45,94.92
user_5,381.44
user_47,487.41
user_28,388.36
user_14,207.57
user_33,397.17
user_36,109.72
user_29,325.17
user_33,121.5
user_48,189.05
user_1,443.22
user_39,70.59
user_37,192.75
user_4,414.39
user_5,109.29
user_9,133.96
user_43,475.74
user_6,231.42
user_37,314.96
user_37,46.56
user_15,258.13
user_17,24.99
user_35,115.18
user_1,428.06
user_48,204.59
user_38,216.85
user_26,488.61
user_31,497.69
user_7,236.2
user_45,169.76
user_42,241.97
user_12,309.82
user_21,274.25
user_40,202.96
user_15,267.13
user_14,62.12
user_24,341.45
user_26,463.83
user_11,257.47
user_28,333.99
user_23,319.04
user_20,495.68
user_3,346.42
user_17,54.92
user_27,397.52
user_27,223.71
user_43,384.69
user_18,75.73
user_20,234.61
user_50,33.73
user_38,205.97
user_36,458.48
user_43,464.87
user_37,424.63
user_7,189.71
user_25,217.96
user_15,432.86
user_26,454.67
user_32,178.0
user_25,347.45
user_32,314.54
user_3,408.14
user_32,236.89
user_20,66.87
user_20,198.89
user_42,283.07
user_44,82.78
user_4,364.72
user_37,390.24
user_10,41.68
user_25,137.44
user_8,219.69
user_32,211.75
user_1,371.46
user_27,334.85
user_15,479.47
user_42,185.96
user_36,68.67
user_17,473.62
user_18,151.69
user_47,14.7
user_36,68.39
user_28,408.09
user_3,118.59
user_36,350.46
user_21,424.67
user_37,251.68
user_45,458.96
user_15,248.09
user_38,253.78
user_10,43.45
user_20,24.71
user_16,436.32
user_7,116.08
user_30,378.38
user_13,455.22
user_19,306.06
user_49,68.5
user_14,292.69
user_4,428.06
user_7,178.99
user_27,261.51
user_38,472.46
user_3,250.76
user_48,241.5
user_4,368.37
user_15,101.8
user_40,20.5
user_50,385.68
user_5,172.15
user_37,96.47
user_47,166.0
user_43,437.57
user_5,368.0
user_11,230.49
user_28,121.9
user_25,274.91
user_28,269.48
user_30,491.12
user_39,248.25
user_44,343.33
user_34,273.37
user_21,347.58
user_8,208.12
user_20,127.35
user_47,262.38
user_28,94.07
user_34,72.25
user_45,497.62
user_38,159.65
user_29,406.9
user_38,134.95
user_7,308.84
user_26,257.07
user_7,420.06
user_8,199.87
user_15,201.52
user_48,13.07
user_37,263.54
user_27,121.63
user_27,281.61
user_30,192.7
user_24,128.73
user_11,53.25
user_28,433.71
user_20,125.09
user_30,354.98
user_18,458.57
user_6,355.12
user_45,424.94
user_25,135.36
user_11,248.29
user_7,328.39
user_22,259.08
user_16,427.74
user_43,279.19
user_2,362.93
user_2,37.82
user_37,92.81
user_27,389.63
user_1,76.92
user_6,253.18
user_14,468.86
user_13,79.14
user_2,395.05
user_13,444.92
user_32,425.54
user_2,158.4
user_21,217.83
user_36,17.61
user_20,200.97
user_15,191.57
user_40,465.81
user_22,169.46
user_40,274.97
user_10,342.63
user_45,99.98
user_49,127.64
user_29,363.95
user_4,193.46
user_49,65.05
user_49,353.74
user_8,167.77
user_41,351.06
user_11,189.02
user_14,162.3
user_18,42.2
user_4,308.27
user_8,256.09
user_19,490.83
user_19,350.03
user_8,112.79
user_35,491.89
user_49,258.12
user_49,250.33
user_40,410.17
user_30,20.12
user_43,55.41
user_4,159.11
user_50,311.43
user_8,60.37
user_46,218.37
user_25,113.57
user_37,47.13
user_6,163.83
user_21,153.5
user_11,324.19
user_48,423.07
user_18,146.25
user_10,160.54
user_4,162.11
user_4,113.12
user_36,221.19
user_49,365.51
user_49,409.22
user_19,47.45
user_16,160.2
user_23,300.09
user_46,96.55
user_35,116.3
user_41,382.47
user_10,187.19
user_17,432.04
user_9,22.79
user_40,184.16
user_35,443.6
user_24,175.47
user_13,402.08
user_22,55.92
user_26,408.43
user_48,398.97
user_8,56.36
user_37,293.63
user_28,211.92
user_8,109.07
user_42,121.77
user_2,247.7
user_44,183.75
user_4,435.41
user_37,46.0
user_6,498.41
user_50,245.12
user_20,296.77
user_16,296.85
user_50,480.03
user_28,335.74
user_2,267.98
user_1,257.38
user_40,119.43
user_5,248.99
user_46,141.93
user_41,185.86
user_39,158.36
user_50,60.87
user_26,25.07
user_49,186.32
user_49,252.91
user_26,440.95
user_2,218.39
user_27,416.9
user_8,173.86
user_23,172.09
user_14,50.81
user_29,15.3
user_5,375.0
user_29,421.94
user_42,105.24
user_28,90.56
user_9,354.82
user_33,65.8
user_13,229.66
user_41,130.9
user_28,416.38
user_27,487.04
user_46,253.97
user_5,386.13
user_26,343.53
user_46,381.1
user_37,444.99
user_28,165.28
user_11,170.0
user_19,59.92
user_49,110.37
user_7,44.32
user_9,27.12
user_36,215.45
user_17,320.88
user_40,241.14
user_26,53.47
user_26,200.96
user_10,347.55
user_28,74.72
user_9,339.81
user_44,431.81
user_9,489.06
user_22,372.83
user_24,117.9
user_14,96.45
user_16,348.71
user_39,230.19
user_47,441.17
user_18,309.28
user_39,57.8
user_24,207.59
user_46,268.71
user_15,455.27
user_32,495.17
user_27,317.38
user_29,21.21
user_13,256.86
user_7,277.33
user_46,430.47
user_15,438.92
user_46,28.41
user_32,40.43
user_35,283.62
user_35,402.01
user_25,434.27
user_24,298.95
user_41,20.46
user_21,440.66
user_3,307.66
user_49,35.76
user_35,175.97
user_20,220.25
user_13,468.03
user_2,283.75
user_22,364.52
user_6,489.54
user_10,23.14
user_26,166.14
user_39,181.1
user_9,353.35
user_2,300.19
user_10,73.84
user_35,456.64
user_45,281.1
user_35,275.85
user_42,357.5
user_34,54.0
user_10,333.67
user_49,115.57
user_38,134.76
user_28,23.0
user_34,432.78
user_15,54.04
user_4,369.02
user_45,115.29
user_31,383.21
user_43,384.94
user_12,86.78
user_48,154.59
user_11,159.18
user_32,497.62
user_11,199.47
user_21,17.83
user_34,107.54
user_45,214.52
user_12,128.91
user_23,73.19
user_35,395.72
user_15,278.0
user_16,233.52
user_8,141.98
user_34,182.59
user_32,131.0
user_47,386.73
user_33,362.32
user_19,354.3
user_36,418.07
user_27,292.19
user_14,157.88
user_33,348.2
user_14,148.5
user_5,136.9
user_2,491.16
user_48,203.77
user_44,358.83
user_29,235.63
user_6,397.04
user_21,265.37
user_23,196.97
user_35,215.71
user_41,254.03
user_25,113.99
user_39,355.0
user_21,195.18
user_38,344.04
user_11,106.15
user_19,465.58
user_46,301.91
user_47,348.68
user_35,390.59
user_14,159.85
user_41,238.86
user_13,304.79
user_18,331.34
user_34,248.03
user_27,294.21
user_18,328.73
user_37,184.18
user_38,16.79
user_18,27.47
user_14,457.75
user_28,379.49
user_48,123.35
user_7,470.54
user_6,412.97
user_49,409.67
user_39,432.02
user_32,270.17
user_22,447.53
user_38,402.33
user_19,265.89
user_7,418.29
user_35,74.59
user_38,485.35
user_38,344.81
user_12,244.84
user_38,203.73
user_1,50.86
user_21,335.06
user_30,364.45
user_35,293.49
user_21,162.36
user_1,273.95
user_35,497.02
user_4,42.99
user_45,133.46
user_16,248.83
user_50,407.17
user_2,278.76
user_3,191.06
user_19,436.98
user_48,474.66
user_34,104.48
user_37,386.61
user_8,483.16
user_11,336.02
user_50,168.23
user_26,434.03
user_30,62.16
user_43,466.54
user_33,208.06
user_1,334.19
user_33,14.57
user_42,259.28
user_36,153.87
user_28,20.53
user_42,397.56
user_19,487.01
user_30,214.3
user_30,359.91
user_25,431.37
user_28,110.59
user_6,430.41
user_29,395.0
user_4,74.0
user_47,290.9
user_40,360.59
user_35,393.48
user_18,187.2
user_10,202.65
user_35,73.24
user_40,243.44
user_14,259.86
user_38,340.09
user_33,373.92
user_12,166.41
user_48,448.2
user_7,95.41
user_45,222.69
user_33,387.44
user_38,447.14
user_6,23.97
user_15,73.77
user_9,73.9
user_32,44.67
user_19,122.5
user_1,31.87
user_10,240.36
user_13,173.11
user_46,494.04
user_48,124.12
user_21,199.41
user_46,233.37
user_36,327.31
user_3,249.2
user_3,284.94
user_33,120.39
user_49,13.58
user_32,357.36
user_42,327.59
user_31,458.32
user_15,214.43
user_9,119.54
user_2,23.11
user_34,192.18
user_27,311.37
user_17,268.86
user_33,165.72
user_16,58.94
user_8,392.21
user_10,42.53
user_40,324.9
user_23,282.41
user_5,470.27
user_2,138.66
user_30,427.97
user_44,445.83
user_20,419.84
user_30,79.48
user_13,349.53
user_48,159.7
user_13,304.25
user_45,365.54
user_44,123.1
user_37,240.47
user_29,139.5
user_2,375.47
user_45,77.27
user_5,336.28
user_31,428.8
user_33,41.49
user_43,241.73
user_42,74.24
user_23,51.12
user_50,427.02
user_50,317.58
user_37,320.64
user_44,118.56
user_35,48.05
user_36,249.99
user_13,326.59
user_7,456.13
user_1,220.57
user_6,188.42
user_50,351.53
user_34,180.56
user_37,171.44
user_36,399.7
user_47,197.06
user_25,342.56
user_6,204.73
user_44,304.65
user_20,248.92
user_32,296.73
user_21,232.24
user_23,358.15
user_13,434.19
user_46,430.89
user_48,274.12
user_13,88.04
user_2,202.46
user_40,118.02
user_2,22.12
user_1,47.73
user_48,178.07
user_45,209.36
user_50,72.88
user_45,310.94
user_13,439.13
user_39,372.37
user_7,264.75
user_21,207.06
user_32,412.51
user_10,237.03
user_41,143.15
user_13,428.71
user_49,110.08
user_33,392.83
user_18,110.69
user_40,445.79
user_50,49.83
user_35,492.51
user_18,294.75
user_36,90.27
user_8,385.21
user_35,39.95
user_12,335.46
user_14,95.71
user_11,154.13
user_46,116.95
user_15,91.96
user_10,308.39
user_18,270.44
user_44,259.14
user_13,93.96
user_33,225.82
user_9,21.83
user_41,24.82
user_40,106.74
user_36,437.63
user_21,125.85
user_42,195.96
user_19,250.37
user_18,276.05
user_34,448.33
user_32,442.92
user_29,200.58
user_36,162.41
user_9,431.32
user_36,492.16
user_50,97.2
user_40,413.39
user_13,275.16
user_15,371.95
user_6,198.04
user_17,167.2
user_5,29.64
user_7,247.29
user_12,95.48
user_15,329.53
user_35,299.3
user_40,37.48
user_49,340.5
user_1,379.87
user_6,283.71
user_8,402.73
user_37,10.23
user_31,242.06
user_40,236.45
user_44,148.89
user_19,97.71
user_9,360.05
user_25,135.14
user_12,450.51
user_26,479.16
user_2,192.18
user_14,288.1
user_22,443.72
user_30,462.12
user_12,74.98
user_17,107.35
user_24,305.68
user_32,312.51
user_49,34.14
user_46,444.31
user_27,444.97
user_10,378.26
user_16,78.91
user_41,183.09
user_11,338.64
user_40,280.91
user_46,468.7
user_26,121.59
user_30,162.1
user_4,190.28
user_37,325.47
user_47,286.43
user_43,190.94
user_20,79.69
user_10,126.22
user_32,402.5
user_7,265.41
user_22,28.84
user_32,80.82
user_21,41.49
user_38,62.75
user_32,458.78
user_28,73.22
user_40,161.26
user_5,69.21
user_12,368.01
user_6,370.73
user_21,346.95
user_8,400.16
user_23,95.89
user_25,273.66
user_15,287.32
user_13,257.61
user_39,227.68
user_29,420.5
user_23,434.31
user_21,240.46
user_47,392.32
user_15,103.23
user_35,15.22
user_14,66.78
user_48,323.36
user_12,145.07
user_1,353.5
user_26,22.34
user_19,332.16
user_43,440.1
user_16,21.26
user_37,499.35
user_28,450.11
user_47,90.9
user_23,214.72
user_48,169.37
user_38,263.51
user_20,280.42
user_17,347.02
user_38,365.15
user_50,269.73
user_32,162.13
user_35,13.57
user_43,210.03
user_29,407.58
user_31,21.56
user_7,266.97
user_10,328.32
user_37,480.19
user_12,90.72
user_20,97.97
user_35,383.72
user_16,302.79
user_42,486.1
user_11,320.42
user_35,226.73
user_29,293.56
user_48,474.26
user_50,113.12
user_25,347.53
user_45,138.13
user_18,170.93
user_40,126.77
user_47,475.08
user_17,238.89
user_14,58.84
user_23,16.68
user_18,242.9
user_8,359.76
user_15,157.69
user_49,72.46
user_26,11.55
user_39,442.97
user_36,91.29
user_49,45.56
user_18,84.46
user_16,366.37
user_24,157.78
user_30,296.92
user_34,67.54
user_47,33.53
user_36,139.38
user_23,409.44
user_44,258.57
user_27,141.24
user_29,110.31
user_5,64.87
user_15,53.61
user_12,182.72
user_14,247.45
user_7,62.57
user_45,151.3
user_49,299.8
user_26,114.44
user_21,164.51
user_39,367.11
user_3,354.11
user_13,166.78
user_29,409.18
user_27,146.72
user_48,224.08
user_28,131.51
user_9,403.63
user_4,118.25
user_46,167.72
user_29,209.49
user_21,183.28
user_48,366.86
user_32,112.79
user_16,33.17
user_29,120.46
user_40,52.68
user_24,22.05
user_4,373.53
user_13,238.17
user_41,66.42
user_2,133.97
user_40,218.54
user_49,227.45
user_47,53.75
user_33,126.07
user_8,263.92
user_43,27.88
user_1,144.4
user_11,272.36
user_43,305.76
user_20,388.52
user_16,197.82
user_7,165.82
user_34,382.05
user_15,289.98
user_11,131.09
user_40,11.43
user_12,412.03
user_9,403.94
user_44,435.01
user_13,342.09
user_36,39.61
user_43,133.9
user_30,112.57
user_7,287.59
user_48,491.8
user_27,28.0
user_27,367.11
user_20,360.38
user_10,491.87
user_47,437.43
user_4,358.72
user_37,477.23
user_44,286.33
user_38,426.37
user_11,34.86
user_25,331.42
user_30,73.41
user_4,73.57
user_21,279.53
user_32,459.57
user_26,209.02
user_3,343.39
user_39,316.18
user_23,130.6
user_39,83.47
user_36,465.53
user_24,29.26
user_29,426.02
user_19,410.91
user_10,400.64
user_46,454.83
user_26,165.46
user_33,445.1
user_15,383.26
user_32,289.2
user_5,28.47
user_26,458.65
user_24,14.89
user_44,382.31
user_17,39.36
user_48,269.35
user_12,376.59
user_43,103.42
user_15,492.82
user_45,328.28
user_27,38.23
user_4,92.02
user_11,319.25
user_13,453.8
user_31,181.34
user_12,313.71
user_44,167.6
user_39,90.73
user_48,92.72
user_16,415.65
user_22,364.91
user_32,346.88
user_7,48.72
user_49,397.59
user_23,205.96
user_48,327.29
user_40,193.28
user_39,254.49
user_23,284.94
user_40,368.79
user_2,29.65
user_38,363.65
user_46,287.77
user_3,379.01
user_28,299.85
user_26,90.92
user_4,451.05
user_41,12.17
user_36,283.46
user_3,97.89
user_32,229.88
user_44,168.27
user_46,495.27
user_12,438.12
user_49,24.67
user_16,214.08
user_20,77.46
user_10,59.12
user_39,89.09
user_37,175.57
user_13,277.11
user_9,45.14
user_48,172.07
user_44,95.94
user_8,472.06
user_35,231.2
user_28,226.44
user_10,112.46
user_35,353.61
user_46,488.9
user_14,65.67
user_11,299.28
user_46,136.8
user_10,129.16
user_29,273.28
user_18,474.11
user_17,93.31
user_45,146.62
user_15,340.98
user_12,301.19
user_12,297.26
user_6,480.07
user_19,226.71
user_3,169.28
user_14,164.02
user_15,352.38
user_28,277.25
user_42,418.6
user_48,304.31
user_24,317.47
user_3,426.94
user_33,397.34
user_42,380.13
user_50,292.16
user_13,303.75
user_50,487.58
user_48,195.37
user_25,198.1
user_29,152.68
user_34,474.08
user_30,428.77
user_8,478.91
user_50,154.82
user_49,333.02
user_1,366.93
user_49,195.04
user_7,283.53
user_38,284.52
user_35,355.19
user_46,320.19
user_37,232.3
user_45,250.73
user_15,414.87
user_34,365.6
user_49,215.63
user_28,236.44
user_34,465.36
user_48,310.04
user_30,392.6
user_8,497.62
user_41,444.48
user_50,80.03
user_10,270.17
user_7,213.31
user_4,287.34
user_29,28.45
user_10,198.95
user_18,155.53
user_4,359.72
user_3,375.91
user_27,291.13
user_42,154.32
user_17,406.11
user_36,188.91
user_21,89.66
user_6,482.69
user_46,272.81
user_49,24.02
user_43,87.0
user_21,433.04
user_8,307.77
user_45,265.74
user_37,97.86
user_47,451.48
user_4,51.56
user_41,362.72
user_42,185.03
user_16,352.75
user_31,197.11
user_26,377.66
user_22,195.86
user_6,22.72
user_9,198.77
user_33,93.65
user_31,441.37
user_40,281.21
user_1,32.77
user_33,345.04
user_21,162.64
user_26,342.8
user_20,272.54
user_19,300.89
user_2,423.27
user_20,363.94
user_9,178.39
user_2,408.03
user_4,326.21
user_10,277.6
user_50,187.3
user_27,29.51
user_43,59.7
user_9,290.21
user_49,129.36
user_2,25.48
user_34,34.43
user_47,11.47
user_15,367.29
user_14,306.97
user_9,193.35
user_34,296.8
user_32,396.18
user_2,200.37
user_48,215.07
user_6,336.27
user_1,376.8
user_39,263.19
user_31,456.38
user_43,20.13
user_18,359.46
user_47,66.36
user_37,198.64
user_16,285.17
user_25,292.97
user_5,166.49
user_26,407.47
user_13,406.78
user_34,382.1
user_4,389.29
user_49,255.19
user_36,187.33
user_42,168.52
user_28,495.77
user_50,217.96
user_9,147.04
user_34,496.75
user_10,80.98
user_27,310.98
user_15,64.44
user_7,432.13
user_36,379.85
user_45,319.9
user_26,278.07
user_18,448.09
user_18,163.31
user_6,101.17
user_4,329.73
user_11,182.95
user_26,313.55
user_41,258.85
user_35,122.73
user_30,140.64
user_1,423.34
user_48,474.89
user_42,311.6
user_43,390.69
user_46,447.36
user_11,96.82
user_21,48.28
user_4,334.87
user_10,154.78
user_12,160.22
user_26,123.22
user_42,27.73
user_9,324.91
user_20,154.84
user_41,355.27
user_22,358.58
user_25,494.1
user_24,171.6
user_23,478.15
user_11,155.01
user_28,359.85
user_47,33.98
user_15,16.88
user_9,339.66
user_48,476.44
user_18,63.21
user_17,74.97
user_34,474.23
user_44,366.28
user_29,445.38
user_1,435.29
user_33,431.02
user_44,379.17
user_33,156.06
user_42,339.22
user_33,223.4
user_21,84.37
user_12,386.57
user_9,431.13
user_30,39.41
user_36,368.98
user_45,39.99
user_4,134.05
user_22,37.44
user_18,210.13
user_3,447.52
user_42,264.02
user_46,267.14
user_38,461.65
user_48,340.28
user_30,158.49
user_5,222.03
user_22,180.06
user_3,335.24
user_6,281.65
user_38,238.89
user_19,230.51
user_6,473.37
user_10,385.59
user_21,36.95
user_44,105.65
user_28,83.5
user_26,246.29
user_13,192.24
user_33,181.42
user_26,289.06
user_14,436.61
user_39,197.55
user_17,424.47
user_18,433.57
user_30,289.93
user_43,83.0
user_10,311.33
user_5,435.07
user_41,39.95
user_23,372.08
user_31,470.23
user_21,159.77
user_8,193.21
user_9,88.53
user_32,245.55
user_1,160.39
user_20,83.38
user_2,203.9
user_21,387.19
user_30,440.31
user_42,165.58
user_47,128.24
user_35,273.39
user_37,479.13
user_47,444.45
user_44,216.79
user_8,428.41
user_41,156.02
user_50,64.02
user_8,346.06
user_25,254.89
user_44,272.83
user_28,128.81
user_33,49.87
user_4,50.56
user_44,486.59
user_45,237.43
user_40,367.45
user_12,287.79
user_49,155.57
user_3,88.6
user_4,178.47
user_8,195.63
user_12,184.61
user_5,484.46
user_37,371.28
user_13,441.58
user_26,415.68
user_37,310.98
user_29,71.91
user_21,384.48
user_30,464.39
user_8,435.42
user_46,307.84
user_31,107.04
user_40,80.78
user_50,329.81
user_2,294.34
user_22,220.39
user_43,120.06
user_8,277.32
user_17,313.59
user_1,458.67
user_20,260.88
user_8,186.79
user_7,228.61
user_40,262.73
user_24,367.63
user_47,131.1
user_49,18.33
user_41,254.84
user_8,346.19
user_23,160.04
user_49,38.38
user_14,57.78
user_45,191.35
user_9,291.24
user_42,227.97
user_21,369.88
user_9,139.79
user_48,164.17
user_5,347.05
user_26,331.56
user_17,102.54
user_7,472.52
user_46,447.4
user_41,33.59
user_35,195.06
user_18,118.18
user_30,215.26
user_3,123.08
user_29,301.07
user_33,136.99
user_44,216.77
user_8,439.91
user_8,280.48
user_24,61.65
user_48,248.93
user_39,53.56
user_19,494.72
user_19,231.58
user_30,170.27
user_28,186.67
user_38,365.77
user_27,353.04
user_20,203.26
user_23,350.21
user_14,450.37
user_4,351.56
user_42,479.08
user_4,318.06
user_16,394.53
user_12,468.54
user_4,274.88
user_16,227.94
user_33,476.89
user_8,493.32
user_42,58.46
user_25,495.71
user_44,317.15
user_49,41.53
user_43,265.32
user_28,111.64
user_49,223.67
user_20,495.56
user_8,187.28
user_42,264.9
user_32,499.16
user_26,234.52
user_4,257.98
user_43,106.77
user_13,16.13
user_39,121.14
user_33,255.34
user_8,324.42
user_25,382.26
user_23,268.53
user_30,213.33
user_17,192.58
user_12,357.18
user_8,359.53
user_2,154.84
user_41,456.56
user_30,424.46
user_20,360.22
user_24,63.62
user_9,169.8
user_1,280.73
user_30,393.5
user_41,116.62
user_28,286.34
user_26,52.36
user_28,13.35
user_12,25.03
user_6,277.38
user_11,429.94
user_32,297.11
user_39,55.77
user_30,128.03
user_27,111.11
user_49,48.24
user_31,451.88
user_32,84.09
user_44,97.6
user_26,412.53
user_1,482.51
user_11,195.5
user_32,302.85
user_15,345.37
user_50,128.21
user_33,171.73
user_38,164.74
user_34,129.42
user_34,371.24
user_44,104.27
user_8,182.59
user_5,450.25
user_13,18.43
user_17,206.66
user_45,171.22
user_42,186.03
user_11,48.2
user_28,358.26
user_31,331.3
user_13,142.36
user_9,435.39
user_15,209.49
user_7,408.32
user_34,343.33
user_19,382.6
user_9,317.28
user_36,89.6
user_32,288.24
user_33,63.33
user_50,332.82
user_15,318.03
user_43,356.47
user_17,471.6
user_37,477.03
user_37,355.9
user_20,417.58
user_35,34.94
user_1,148.32
user_33,226.76
user_29,391.31
user_41,26.78
user_15,110.59
user_5,257.55
user_5,111.63
user_12,393.47
user_18,420.36
user_25,225.79
user_17,101.89
user_16,493.78
user_41,196.52
user_18,296.84
user_7,459.1
user_29,486.3
user_39,261.24
user_39,387.73
user_17,179.94
user_28,439.62
user_50,320.54
user_30,285.67
user_29,34.89
user_35,191.98
user_39,90.04
user_47,242.59
user_47,216.5
user_17,77.45
user_40,75.54
user_7,293.56
user_14,291.72
user_37,59.16
user_42,31.92
user_25,258.47
user_33,295.74
user_9,64.28
user_50,138.71
user_47,466.19
user_22,298.93
user_2,497.06
user_50,88.34
user_22,124.64
user_20,136.73
user_23,124.29
user_2,490.33
user_26,410.99
user_29,351.31
user_7,23.15
user_38,41.23
user_27,485.84
user_25,70.19
user_43,111.07
user_15,122.27
user_39,201.33
user_20,200.03
user_45,23.52
user_27,57.4
user_19,317.44
user_11,114.58
user_13,179.56
user_49,428.14
user_42,138.43
user_49,98.85
user_6,495.48
user_40,18.11
user_30,441.36
user_39,499.44
user_7,10.0
user_38,64.49
user_2,99.51
user_18,337.45
user_12,445.66
user_47,324.66
user_39,379.92
user_21,387.81
user_15,63.23
user_47,199.57
user_38,13.22
user_8,351.26
user_39,92.37
user_49,26.3
user_50,329.84
user_16,294.85
user_9,393.27
user_3,183.39
user_29,262.65
user_33,401.58
user_29,326.44
user_19,273.11
user_7,349.35
user_19,326.24
user_10,485.83
user_36,447.29
user_1,359.23
user_38,68.66
user_28,78.93
user_35,329.82
user_24,181.0
user_17,180.33
user_50,82.77
user_29,192.91
user_9,282.62
user_2,370.2
user_12,360.58
user_12,324.73
user_26,99.11
user_38,440.13
user_24,149.07
user_41,134.45
user_18,450.83
user_19,316.82
user_29,452.45
user_46,106.4
user_27,184.59
user_13,403.13
user_49,258.32
user_1,284.66
user_39,69.55
user_25,495.58
user_46,303.19
user_41,326.78
user_8,167.53
user_17,476.92
user_29,26.77
user_47,355.67
user_23,282.56
user_24,28.63
user_46,105.62
user_9,369.88
user_3,164.3
user_48,77.93
user_1,239.3
user_29,147.29
user_49,125.35
user_17,130.03
user_46,351.86
user_15,381.66
user_26,76.84
user_8,132.42
user_50,377.36
user_13,92.26
user_19,13.3
user_37,421.75
user_30,21.08
user_6,333.11
user_30,284.31
user_36,286.02
user_38,170.23
user_29,437.33
user_23,83.46
user_44,79.22
user_28,132.31
user_1,65.46
user_6,273.74
user_35,176.78
user_48,310.43
user_50,254.23
user_45,404.35
user_34,389.52
user_47,410.61
user_34,115.24
user_40,205.38
user_24,191.28
user_7,165.5
user_20,378.72
user_27,388.16
user_46,487.28
user_37,177.8
user_5,24.81
user_48,218.34
user_31,407.45
user_26,215.34
user_24,178.58
user_21,491.47
user_20,213.02
user_24,258.14
user_15,141.76
user_35,265.69
user_21,343.93
user_30,72.87
user_16,104.59
user_44,61.57
user_4,179.73
user_12,107.87
user_25,151.75
user_38,364.35
user_19,354.45
user_36,122.02
user_35,455.89
user_33,246.36
user_17,42.23
user_4,469.58
user_6,229.33
user_50,303.71
user_44,365.49
user_11,309.89
user_13,189.1
user_36,239.35
user_23,455.9
user_47,435.75
user_31,296.54
user_42,281.48
user_11,181.81
user_19,27.64
user_50,260.2
user_7,108.42
user_31,117.66
user_10,412.27
user_8,242.3
user_21,275.7
user_8,120.54
user_37,411.23
user_15,338.73
user_17,95.45
user_8,337.42
user_47,27.43
user_36,330.71
user_5,312.78
user_25,486.75
user_4,95.88
user_15,368.16
user_37,440.14
user_43,484.19
user_16,333.27
user_5,413.33
user_32,236.06
user_5,372.26
user_13,445.23
user_41,488.92
user_44,42.29
user_4,93.94
user_43,319.18
user_38,244.42
user_37,237.1
user_18,127.86
user_23,145.71
user_17,162.74
user_47,232.26
user_50,381.59
user_23,110.91
user_35,235.8
user_10,435.53
user_46,289.23
user_38,454.54
user_25,41.27
user_31,161.1
user_24,430.09
user_24,139.38
user_21,96.69
user_3,145.11
user_34,278.19
user_24,53.99
user_31,295.28
user_16,197.72
user_9,356.62
user_15,238.05
user_37,447.73
user_11,235.23
user_11,415.77
user_1,251.46
user_20,78.3
user_29,237.79
user_45,37.61
user_45,475.46
user_9,73.95
user_32,212.8
user_16,487.18
user_14,347.5
user_42,204.67
user_8,16.38
user_15,139.6
user_26,28.27
user_21,299.33
user_47,19.76
user_13,289.82
user_3,499.56
user_43,476.22
user_2,370.38
user_15,430.03
user_2,70.12
user_32,28.83
user_50,46.61
user_23,485.39
user_11,196.46
user_11,126.61
user_10,138.79
user_49,265.01
user_20,64.13
user_34,488.26
user_48,304.23
user_15,20.08
user_18,437.36
user_5,428.74
user_36,466.04
user_45,161.35
user_7,154.56
user_5,426.24
user_36,436.77
user_29,182.05
user_40,474.88
user_16,485.06
user_44,462.5
user_8,241.5
user_13,448.52
user_45,221.25
user_30,241.76
user_29,85.48
user_43,274.56
user_22,492.04
user_13,368.85
user_32,380.94
user_39,256.66
user_9,448.88
user_47,306.56
user_39,205.73
user_32,15.64
user_29,140.82
user_48,177.34
user_48,226.52
user_24,39.91
user_13,96.48
user_19,65.07
user_14,486.27
user_17,108.9
user_13,272.35
user_6,296.89
user_17,350.44
user_19,247.16
user_36,460.49
user_26,399.93
user_8,356.61
user_12,169.48
user_32,219.02
user_49,418.23
user_4,141.42
user_12,64.93
user_2,315.57
user_31,119.84
user_47,228.62
user_23,319.03
user_34,209.69
user_21,430.67
user_14,398.4
user_9,108.09
user_19,450.26
user_43,296.53
user_32,143.86
user_37,204.28
user_29,303.47
user_37,414.22
user_20,193.83
user_24,303.84
user_42,218.01
user_40,357.12
user_1,73.98
user_33,299.3
user_30,384.97
user_38,423.4
user_38,432.69
user_40,470.49
user_2,28.91
user_16,354.92
user_36,42.33
user_27,243.06
user_32,135.18
user_25,376.58
user_46,347.57
user_33,300.45
user_16,59.32
user_8,368.38
user_13,216.16
user_35,203.92
user_21,352.22
user_4,248.65
user_2,168.79
user_23,51.33
user_6,253.24
user_33,367.19
user_2,94.58
user_29,408.05
user_38,306.52
user_45,64.9
user_2,251.56
user_4,241.66
user_3,37.84
user_29,354.23
user_17,414.22
user_26,464.88
user_34,256.99
user_28,78.07
user_38,35.76
user_49,261.46
user_13,480.53
user_39,256.69
user_31,350.21
user_21,145.35
user_20,151.68
user_30,292.59
user_46,130.44
user_29,309.98
user_13,470.32
user_45,54.97
user_20,461.04
user_3,288.05
user_18,369.5
user_20,497.22
user_31,244.41
user_11,59.26
user_38,164.97
user_44,493.29
user_19,32.12
user_27,408.27
user_39,195.0
user_42,316.23
user_50,193.35
user_8,104.3
user_36,366.64
user_20,115.66
user_31,470.13
user_48,239.42
user_39,240.77
user_46,217.66
user_3,474.03
user_16,444.75
user_49,438.11
user_44,46.83
user_47,74.43
user_42,14.96
user_37,239.9
user_27,420.98
user_16,104.13
user_14,77.91
user_33,51.65
user_44,171.38
user_24,164.14
user_29,463.92
user_5,215.87
user_15,268.01
user_30,40.32
user_47,476.56
user_44,15.12
user_46,374.21
user_3,499.01
user_34,349.82
user_46,451.33
user_3,302.62
user_5,297.37
user_8,335.04
user_39,356.51
user_17,312.16
user_33,117.3
user_16,440.55
user_39,162.53
user_6,10.94
user_44,80.04
user_44,281.13
user_5,47.21
